Product,Average of Older Price,Average of New Price,Discount,Brand
Solid Men Track Suit,₹ 3699,₹3329.00,10% off,HRX
Men Full Sleeve Solid Hooded Sweatshirt,₹ 1699,₹1359.00,20% off,HRX
Men Solid Round Neck Black T-Shirt,₹ 699,₹539.00,22% off,HRX
Men Ankle Length,₹ 599,₹449.00,25% off,HRX
Men Solid Round Neck Black T-Shirt,₹ 899,₹674.00,25% off,HRX
Men Printed Round Neck Black T-Shirt,₹ 699,₹494.00,29% off,HRX
Men Printed Round Neck Orange T-Shirt,₹ 699,₹494.00,29% off,HRX
Men Solid Round Neck White T-Shirt,₹ 699,₹494.00,29% off,HRX
Men Solid Black Track Pants,₹ 1299,₹909.00,30% off,HRX
Women Solid Black Track Pants,₹ 1699,₹1189.00,30% off,HRX
Men Solid Black Track Pants,₹ 1899,₹1234.00,35% off,HRX
Men Solid Grey Track Pants,₹ 2349,₹1526.50,35% off,HRX
Men Color Block Round Neck Light Green T-Shirt,₹ 899,₹539.00,40% off,HRX
Solid Men Dark Blue Sports Shorts,₹ 999,₹584.00,41% off,HRX
Men Solid Black Track Pants,₹ 1549,₹860.00,44% off,HRX
Boys Striped Pure Cotton T Shirt,₹ 599,₹329.00,45% off,HRX
Men Ankle Length,₹ 599,₹329.00,45% off,HRX
Men Solid Grey Track Pants,₹ 1299,₹701.00,46% off,HRX
Pack of 2 Solid Men Trunk,₹ 749,₹404.00,46% off,HRX
Men Solid Ankle Length,₹ 599,₹317.00,47% off,HRX
Boys Ankle Length,₹ 549,₹274.00,50% off,HRX
Boys Mid-Calf/Crew,₹ 699,₹349.00,50% off,HRX
Girls Ankle Length,₹ 549,₹274.00,50% off,HRX
Men & Women Color Block Mid-Calf/Crew,₹ 349,₹174.00,50% off,HRX
Men Typography Round Neck Light Blue T-Shirt,₹ 699,₹349.00,50% off,HRX
Solid Women Black Tights,₹ 1699,₹839.00,50% off,HRX
Men Color Block Round Neck Light Green T-Shirt,₹ 899,₹440.00,51% off,HRX
Men Solid Casual Jacket,₹ 2599,₹1258.00,51% off,HRX
Men Solid Round Neck Blue T-Shirt,₹ 799,₹391.00,51% off,HRX
Women Ankle Length,₹ 449,₹219.00,51% off,HRX
Men Self Design Round Neck Blue T-Shirt,₹ 699,₹334.00,52% off,HRX
Men Solid Black Track Pants,₹ 2099,₹1007.00,52% off,HRX
Men Solid Round Neck Black T-Shirt,₹ 699,₹334.00,52% off,HRX
Self Design Men Grey Regular Shorts,₹ 999,₹479.00,52% off,HRX
"Men Color Block Round Neck Red, Grey T-Shirt",₹ 1099,₹510.00,53% off,HRX
Men Colorblock Black Track Pants,₹ 1699,₹798.00,53% off,HRX
Men Solid Black Track Pants,₹ 1299,₹606.00,53% off,HRX
Men Solid Blue Track Pants,₹ 1699,₹798.00,53% off,HRX
Men Self Design Blue Track Pants,₹ 1399,₹635.00,54% off,HRX
Men Solid High Neck Black T-Shirt,₹ 1499,₹687.00,54% off,HRX
Men Striped Round Neck Blue T-Shirt,₹ 1099,₹499.00,54% off,HRX
Men Color Block Round Neck Black T-Shirt,₹ 899,₹404.00,55% off,HRX
Men Printed Round Neck White T-Shirt,₹ 699,₹314.00,55% off,HRX
Men Printed Round Neck Yellow T-Shirt,₹ 699,₹314.00,55% off,HRX
Men Self Design Round Neck Grey T-Shirt,₹ 899,₹404.00,55% off,HRX
Men Typography Round Neck Black T-Shirt,₹ 699,₹314.00,55% off,HRX
Men Typography Round Neck Dark Blue T-Shirt,₹ 699,₹314.00,55% off,HRX
Men Vest,₹ 584,₹262.40,55% off,HRX
Solid Men Brief,₹ 849,₹382.00,55% off,HRX
Women Ankle Length,₹ 499,₹224.00,55% off,HRX
Men Color Block Round Neck Black T-Shirt,₹ 899,₹395.00,56% off,HRX
Men Full Sleeve Solid Hooded Sweatshirt,₹ 2799,₹1231.00,56% off,HRX
Men Solid Padded Jacket,₹ 3299,₹1451.00,56% off,HRX
Men Solid Round Neck Black T-Shirt,₹ 899,₹395.00,56% off,HRX
Solid Men Dark Blue Sports Shorts,₹ 1299,₹571.00,56% off,HRX
Men Full Sleeve Color Block Sweatshirt,₹ 1699,₹713.00,58% off,HRX
Men Full Sleeve Solid Hooded Sweatshirt,₹ 1499,₹629.00,58% off,HRX
Men Full Sleeve Solid Sweatshirt,₹ 1499,₹629.00,58% off,HRX
Men Solid Casual Jacket,₹ 2599,₹1091.00,58% off,HRX
Men Solid Sports Jacket,₹ 3865.6667,₹1623.00,58% off,HRX
Men Solid Bomber Jacket,₹ 3999,₹1600.00,59% off,HRX
Men Solid Round Neck Maroon T-Shirt,₹ 899,₹364.00,59% off,HRX
Color Block Women Black Running Shorts,₹ 1299,₹509.00,60% off,HRX
Men Printed Round Neck Black T-Shirt,₹ 699,₹279.00,60% off,HRX
Men Printed Round Neck Green T-Shirt,₹ 899,₹359.00,60% off,HRX
Men Printed Round Neck Red T-Shirt,₹ 899,₹359.00,60% off,HRX
Men Solid Round Neck Black T-Shirt,₹ 899,₹359.00,60% off,HRX
Men Solid Round Neck Grey T-Shirt,₹ 799,₹319.00,60% off,HRX
Men Solid Sports Jacket,₹ 1899,₹759.00,60% off,HRX
Men Typography Round Neck Black T-Shirt,₹ 699,₹279.00,60% off,HRX
Sports/Regular Cap,₹ 1099,₹439.00,60% off,HRX
Women Solid Ankle Length,₹ 599,₹239.00,60% off,HRX
Men Full Sleeve Solid Sweatshirt,₹ 2199,₹841.00,61% off,HRX
Men Printed Round Neck Dark Blue T-Shirt,₹ 899,₹350.00,61% off,HRX
Men Printed Round Neck Red T-Shirt,₹ 899,₹345.67,61% off,HRX
Men Printed Round Neck White T-Shirt,₹ 699,₹272.00,61% off,HRX
Men Solid Sports Jacket,₹ 3599,₹1403.00,61% off,HRX
Men Striped Round Neck Blue T-Shirt,₹ 699,₹272.00,61% off,HRX
Men Printed Round Neck Black T-Shirt,₹ 1099,₹417.00,62% off,HRX
Men Printed Round Neck Blue T-Shirt,₹ 1299,₹493.00,62% off,HRX
Men Printed Round Neck White T-Shirt,₹ 1299,₹481.00,62% off,HRX
Men Printed V Neck Black T-Shirt,₹ 899,₹341.00,62% off,HRX
Men Printed V Neck Green T-Shirt,₹ 1199,₹455.00,62% off,HRX
Men Solid Black Track Pants,₹ 1699,₹637.00,62% off,HRX
Men Solid High Neck Grey T-Shirt,₹ 2299,₹873.00,62% off,HRX
Men Striped Black Track Pants,₹ 1599,₹595.00,62% off,HRX
Solid Women Black Tights,₹ 1599,₹599.00,62% off,HRX
Solid Women Pink Sports Shorts,₹ 1199,₹449.00,62% off,HRX
Men Color Block Round Neck Dark Blue T-Shirt,₹ 1099,₹406.00,63% off,HRX
Men Colorblock Sports Jacket,₹ 2799,₹1035.00,63% off,HRX
Men Full Sleeve Solid Hooded Sweatshirt,₹ 2199,₹813.00,63% off,HRX
Men Full Sleeve Solid Sweatshirt,₹ 1999,₹739.00,63% off,HRX
Men Printed Round Neck Blue T-Shirt,₹ 1049,₹387.50,63% off,HRX
Men Solid Blue Track Pants,₹ 1499,₹554.00,63% off,HRX
Men Solid Dark Blue Track Pants,₹ 1699,₹613.00,63% off,HRX
Men Solid Round Neck Black T-Shirt,₹ 899,₹328.00,63% off,HRX
Men Solid Round Neck White T-Shirt,₹ 899,₹332.00,63% off,HRX
Men Solid Sports Jacket,₹ 3749,₹1386.50,63% off,HRX
Men Solid White Track Pants,₹ 1499,₹554.00,63% off,HRX
Solid Men Green Sports Shorts,₹ 1299,₹479.00,63% off,HRX
Men Printed Polo Neck White T-Shirt,₹ 1299,₹467.00,64% off,HRX
Men Solid Round Neck Green T-Shirt,₹ 999,₹354.00,64% off,HRX
Flip Flops,₹ 1099,₹384.00,65% off,HRX
Men Printed Round Neck Blue T-Shirt,₹ 899,₹314.00,65% off,HRX
Men Self Design Grey Track Pants,₹ 1699,₹594.00,65% off,HRX
Men Solid Black Track Pants,₹ 1899,₹649.00,65% off,HRX
Men Solid Casual Jacket,₹ 2749,₹961.50,65% off,HRX
Men Solid Grey Track Pants,₹ 2399,₹839.00,65% off,HRX
Men Solid Padded Jacket,₹ 3299,₹1154.00,65% off,HRX
Men Solid Round Neck Blue T-Shirt,₹ 899,₹314.00,65% off,HRX
Men Solid Round Neck Grey T-Shirt,₹ 899,₹314.00,65% off,HRX
Men Solid Sports Jacket,₹ 3599,₹1259.00,65% off,HRX
Men Typography Round Neck Dark Green T-Shirt,₹ 899,₹314.00,65% off,HRX
Slippers,₹ 1099,₹384.00,65% off,HRX
Solid Men Black Sports Shorts,₹ 1199,₹419.00,65% off,HRX
Solid Men Dark Blue Sports Shorts,₹ 1299,₹454.00,65% off,HRX
Solid Men Track Suit,₹ 3299,₹1154.00,65% off,HRX
Women Sports Lightly Padded Bra,₹ 1299,₹454.00,65% off,HRX
Men Solid Black Track Pants,₹ 1699,₹577.00,66% off,HRX
Men Striped Black Track Pants,₹ 1899,₹645.00,66% off,HRX
Casual Regular Sleeves Printed Women Grey Top,₹ 699,₹230.00,67% off,HRX
Men Full Sleeve Color Block Sweatshirt,₹ 2799,₹923.00,67% off,HRX
Men Printed Hooded Neck Yellow T-Shirt,₹ 1299,₹428.00,67% off,HRX
Men Printed Polo Neck Grey T-Shirt,₹ 1499,₹494.00,67% off,HRX
Men Printed Round Neck Black T-Shirt,₹ 1499,₹494.00,67% off,HRX
Men Printed Round Neck Blue T-Shirt,₹ 1099,₹362.00,67% off,HRX
Men Printed Round Neck Orange T-Shirt,₹ 832.3333,₹274.00,67% off,HRX
Men Printed Round Neck White T-Shirt,₹ 1299,₹428.00,67% off,HRX
Men Printed V Neck Pink T-Shirt,₹ 899,₹296.00,67% off,HRX
Men Solid Black Track Pants,₹ 1699,₹560.00,67% off,HRX
Men Solid Round Neck Grey T-Shirt,₹ 899,₹296.00,67% off,HRX
Men Solid White Track Pants,₹ 1699,₹560.00,67% off,HRX
Solid Women Black Tights,₹ 1499,₹494.00,67% off,HRX
Women Full Sleeve Printed Hooded Sweatshirt,₹ 1799,₹593.00,67% off,HRX
Women Solid Casual Jacket,₹ 2399,₹791.00,67% off,HRX
Women Sports Lightly Padded Bra,₹ 1365.6667,₹450.00,67% off,HRX
Men Colorblock Dark Blue Track Pants,₹ 1899,₹607.00,68% off,HRX
Men Printed Round Neck Blue T-Shirt,₹ 899,₹283.00,68% off,HRX
Men Solid Polo Neck Navy Blue T-Shirt,₹ 1299,₹415.00,68% off,HRX
Flip Flops,₹ 1099,₹329.00,70% off,HRX
Men Ankle Length,₹ 699,₹209.00,70% off,HRX
Men Solid Dark Blue Track Pants,₹ 1899,₹569.00,70% off,HRX
Men Solid Purple Track Pants,₹ 1499,₹449.00,70% off,HRX
Men Solid Round Neck Grey T-Shirt,₹ 899,₹269.00,70% off,HRX
Slippers,₹ 1099,₹329.00,70% off,HRX
Solid Men Black Sports Shorts,₹ 1599,₹479.00,70% off,HRX
Solid Women Black Tights,₹ 1799,₹539.00,70% off,HRX
Striped Women Track Suit,₹ 3099,₹928.00,70% off,HRX
Women Color Block Round Neck Green T-Shirt,₹ 899,₹269.00,70% off,HRX
Women Color Block Round Neck Yellow T-Shirt,₹ 899,₹269.00,70% off,HRX
Women Printed Blue Track Pants,₹ 1899,₹568.00,70% off,HRX
Women Slim Fit Dark Green Pure Cotton Trousers,₹ 2999,₹899.00,70% off,HRX
Women Solid Dark Blue Track Pants,₹ 1799,₹538.50,70% off,HRX
Women Solid Round Neck Pink T-Shirt,₹ 899,₹269.00,70% off,HRX
Women Sports Lightly Padded Bra,₹ 1499,₹449.00,70% off,HRX
Slippers,₹ 1799,₹507.00,71% off,HRX
Self Design Women Pink Tights,₹ 1899,₹531.00,72% off,HRX
Slides,₹ 1799,₹499.00,72% off,HRX
Solid Women Red Tights,₹ 1499,₹419.00,72% off,HRX
Solid Women White Sports Shorts,₹ 1499,₹419.00,72% off,HRX
Women Cami Bra Non Padded Bra,₹ 1699,₹475.00,72% off,HRX
Women Printed Round Neck Yellow T-Shirt,₹ 1499,₹419.00,72% off,HRX
Women Solid Black Track Pants,₹ 1899,₹530.00,72% off,HRX
Women Sports Lightly Padded Bra,₹ 1699,₹474.00,72% off,HRX
Women Solid Round Neck Red T-Shirt,₹ 1499,₹389.00,74% off,HRX
Striped Women Black Tights,₹ 1699,₹423.00,75% off,HRX
Women Solid Blue Track Pants,₹ 1899,₹473.00,75% off,HRX
